source,target
Jeffrey Epstein,Lafayette High School yearbook
Jeffrey Epstein,"358 El Brillo Way, Palm Beach, FL 33480"
Jeffrey Epstein,East 71st Street town house
Jeffrey Epstein,Donald Trump
Jeffrey Epstein,Ghislaine Maxwell
Jeffrey Epstein,Ghislaine Maxwell
Jeffrey Epstein,Deborah Blohm
Jeffrey Epstein,unknown person A (HOUSE_OVERSIGHT_010477) (HOUSE_OVERSIGHT_010477)
Jeffrey Epstein,unknown person B (HOUSE_OVERSIGHT_010477) (HOUSE_OVERSIGHT_010477)
Jeffrey Epstein,Alan M. Dershowitz
Jeffrey Epstein,Ghislaine Maxwell
Jeffrey Epstein,Adrianna Ross
Jeffrey Epstein,state solicitation charges
Jeffrey Epstein,Palm Beach County Jail
Jeffrey Epstein,National Sex Offender Registry
Jeffrey Epstein,Little St. James Island
Jeffrey Epstein,New York Academy of Art
Jeffrey Epstein,YIVO Institute event
Jeffrey Epstein,reception
Jeffrey Epstein,Victoria's Secret Angels party
Jeffrey Epstein,New York City
Jeffrey Epstein,"Prince Andrew, Duke of York"
Jeffrey Epstein,Ghislaine Maxwell
Jeffrey Epstein,reception
Jeffrey Epstein,Zorro Ranch
Jeffrey Epstein,Alan M. Dershowitz
Jeffrey Epstein,Ghislaine Maxwell
Jeffrey Epstein,Radar magazine launch
Jeffrey Epstein,Palm Beach County Sheriff's Office
Jeffrey Epstein,state solicitation charges
Jeffrey Epstein,18-month state sentence (13 months served)
Jeffrey Epstein,Adrianna Ross
Jeffrey Epstein,West Palm Beach courthouse
Jeffrey Epstein,National Sex Offender Registry
Jeffrey Epstein,Little St. James Island
Jeffrey Epstein,Palm Beach County Stockade
Jeffrey Epstein,Little Saint James island
Jeffrey Epstein,conference
Jeffrey Epstein,Tribeca Ball
Jeffrey Epstein,Atlantis submarine
Jeffrey Epstein,Visoski
Jeffrey Epstein,Wall Street Rising concert series at Cipriani
Jeffrey Epstein,Ghislaine Maxwell
Jeffrey Epstein,United States Attorney
Jeffrey Epstein,state felony offenses
Jeffrey Epstein,Palm Beach County Stockade
Jeffrey Epstein,"lawyer's office, science foundation, and residence"
Jeffrey Epstein,Alan M. Dershowitz
Jeffrey Epstein,Donald Trump
Jeffrey Epstein,Ghislaine Maxwell
Jeffrey Epstein,Ghislaine Maxwell
Jeffrey Epstein,Adrianna Ross
Jeffrey Epstein,New York Academy of Art Tribeca Ball
Jeffrey Epstein,Alan M. Dershowitz
Jeffrey Epstein,Kenneth W. Starr
Jeffrey Epstein,Jay P. Lefkowitz
Jeffrey Epstein,Roy Black
Jeffrey Epstein,Palm Beach County State Attorney's Office
Jeffrey Epstein,state court
Jeffrey Epstein,Stockade
Jeffrey Epstein,"Prince Andrew, Duke of York"
Jeffrey Epstein,Robert Maxwell
Jeffrey Epstein,Mar-a-Lago reception
Jeffrey Epstein,Victoria???s Secret Angels party
Jeffrey Epstein,Virginia Roberts Giuffre
Jeffrey Epstein,"Prince Andrew, Duke of York"
Jeffrey Epstein,Ghislaine Maxwell
Jeffrey Epstein,Virginia Roberts Giuffre
Jeffrey Epstein,"Mar-a-Lago Club, Inc."
Jeffrey Epstein,Alan M. Dershowitz
Jeffrey Epstein,Ghislaine Maxwell
Jeffrey Epstein,Adrianna Ross
Jeffrey Epstein,Palm Beach County Sheriff's Office
Jeffrey Epstein,The Stockade
Jeffrey Epstein,state solicitation charges
Jeffrey Epstein,lawyer
Jeffrey Epstein,Radar magazine
Jeffrey Epstein,National Sex Offender Registry
Jeffrey Epstein,Little St. James Island
Jeffrey Epstein,work-release program
Jeffrey Epstein,"conference ""Confronting..."""
Jeffrey Epstein,Larry Visoski
Jeffrey Epstein,NY Academy of Art Tribeca Ball
Jeffrey Epstein,Nadia Marcinkova
Jeffrey Epstein,Larry Visoski
Jeffrey Epstein,Alan M. Dershowitz
Jeffrey Epstein,Orin Kramer
Jeffrey Epstein,Orin Kramer
Jeffrey Epstein,Orin Kramer
Jeffrey Epstein,Bill Clinton
Jeffrey Epstein,massage therapist
Jeffrey Epstein,Alan M. Dershowitz
Jeffrey Epstein,massage therapist
Jeffrey Epstein,Guy Fronstin
Jeffrey Epstein,Ballet of Florida
Jeffrey Epstein,Barry Cohen
Jeffrey Epstein,state attorney's office
Jeffrey Epstein,State Attorney
Jeffrey Epstein,Jack A. Goldberger
Jeffrey Epstein,his plane
Jeffrey Epstein,unknown driver
Jeffrey Epstein,traffic helicopter
Jeffrey Epstein,drug dealers
Jeffrey Epstein,Palm Beach Police Department
Jeffrey Epstein,court
Jeffrey Epstein,"bail of $3,000"
Jeffrey Epstein,court
Jeffrey Epstein,solicitation for prostitution
Jeffrey Epstein,Palm Beach County Stockade
Jeffrey Epstein,Florida grand jury
Jeffrey Epstein,extraordinary plea agreement
Jeffrey Epstein,top defense team
Jeffrey Epstein,US Attorney's office
Jeffrey Epstein,state felony offenses for solicitation of prostitution
Jeffrey Epstein,potential co-conspirators
Jeffrey Epstein,Sarah Kellen
Jeffrey Epstein,Nadia Marcinkova
Jeffrey Epstein,US Attorney's office
Jeffrey Epstein,non-prosecution agreement
Jeffrey Epstein,non-prosecution agreement
Jeffrey Epstein,53-count indictment
Jeffrey Epstein,court
Jeffrey Epstein,underage girls
Jeffrey Epstein,underage girls
Jeffrey Epstein,underage girls
Jeffrey Epstein,young girls
Jeffrey Epstein,unknown person A
Jeffrey Epstein,The New York Times
Jeffrey Epstein,Gulliver
Jeffrey Epstein,board of directors of friends
Jeffrey Epstein,full-time masseur
Jeffrey Epstein,"email alert with automatic reply ""On vacation"""
Jeffrey Epstein,federal prosecutors
Jeffrey Epstein,Little St. James Island
Jeffrey Epstein,Little St. James Island
Jeffrey Epstein,local sheriff
Jeffrey Epstein,Palm Beach County Main Detention Center
Jeffrey Epstein,Palm Beach County Central Detention Center
Jeffrey Epstein,requirement to serve incarceration sentence
Jeffrey Epstein,Palm Beach County Jail
Jeffrey Epstein,Palm Beach County Stockade
Jeffrey Epstein,Jack Goldberger's office
Jeffrey Epstein,science foundation office
Jeffrey Epstein,El Brillo Way residence
Jeffrey Epstein,legal authority
Jeffrey Epstein,three designated places
Jeffrey Epstein,El Brillo Way residence
Jeffrey Epstein,Nadia Marcinkova
Jeffrey Epstein,Stockade
Jeffrey Epstein,Palm Beach County Jail
Jeffrey Epstein,taxpayers
Jeffrey Epstein,underage high school females
Jeffrey Epstein,state court
Jeffrey Epstein,18 months imprisonment
Jeffrey Epstein,sexual offender
Jeffrey Epstein,restitution to victims
Jeffrey Epstein,Alan M. Dershowitz
Jeffrey Epstein,Kenneth W. Starr
Jeffrey Epstein,Kirk Efkowitz
Jeffrey Epstein,United States
Jeffrey Epstein,state custody
Jeffrey Epstein,sex offender registry
Jeffrey Epstein,victim
Jeffrey Epstein,victim testimony
Jeffrey Epstein,the Stockade
Jeffrey Epstein,level 3 sex offender
Jeffrey Epstein,house arrest
Jeffrey Epstein,authorities
Jeffrey Epstein,New York City Police Department
Jeffrey Epstein,New York
Jeffrey Epstein,Little Saint Jeff's
Jeffrey Epstein,727 airplane
Jeffrey Epstein,Florida
Jeffrey Epstein,"Air Ghislaine, Inc."
Jeffrey Epstein,personal psychologist
Jeffrey Epstein,seven women
Jeffrey Epstein,Florida
Jeffrey Epstein,Alfredo Rodriguez
Jeffrey Epstein,evidence of abuse and victim information
Jeffrey Epstein,unknown person A (HOUSE_OVERSIGHT_010560) (HOUSE_OVERSIGHT_010560)
Jeffrey Epstein,unknown person A (HOUSE_OVERSIGHT_010560) (HOUSE_OVERSIGHT_010560)
Jeffrey Epstein,unknown person A (HOUSE_OVERSIGHT_010560) (HOUSE_OVERSIGHT_010560)
Jeffrey Epstein,unknown person A (HOUSE_OVERSIGHT_010560) (HOUSE_OVERSIGHT_010560)
Jeffrey Epstein,unknown person A (HOUSE_OVERSIGHT_010560) (HOUSE_OVERSIGHT_010560)
Jeffrey Epstein,unknown person A (HOUSE_OVERSIGHT_010560) (HOUSE_OVERSIGHT_010560)
Jeffrey Epstein,unknown person A (HOUSE_OVERSIGHT_010560) (HOUSE_OVERSIGHT_010560)
Jeffrey Epstein,unknown person A (HOUSE_OVERSIGHT_010560) (HOUSE_OVERSIGHT_010560)
Jeffrey Epstein,unknown person A
Jeffrey Epstein,Harvard University
Jeffrey Epstein,unknown person A
Jeffrey Epstein,Bill Clinton
Jeffrey Epstein,MJ
Jeffrey Epstein,more than 40 minor girls
Jeffrey Epstein,underage girls
Jeffrey Epstein,United States Attorney's Office for the Southern District of Florida
Jeffrey Epstein,Palm Beach County Court
Jeffrey Epstein,his sexual abuse of minors
Jeffrey Epstein,partner of Bradley Edwards
Jeffrey Epstein,his allegations against Bradley Edwards
Jeffrey Epstein,his daily abuse and molestation of children
Jeffrey Epstein,"L.M., E.W., and Jane Doe (HOUSE_OVERSIGHT_010566) (HOUSE_OVERSIGHT_010566)"
Jeffrey Epstein,Jane Doe #4 (HOUSE_OVERSIGHT_010568)
Jeffrey Epstein,S.G.
Jeffrey Epstein,pyramid abuse scheme
Jeffrey Epstein,underage victims
Jeffrey Epstein,unknown person A (HOUSE_OVERSIGHT_010569)
Jeffrey Epstein,United States Attorney's Office
Jeffrey Epstein,unknown person A (HOUSE_OVERSIGHT_010569)
Jeffrey Epstein,questioning
Jeffrey Epstein,L.M.
Jeffrey Epstein,E.W.
Jeffrey Epstein,Jane Doe
Jeffrey Epstein,Leslie Groff
Jeffrey Epstein,Leslie Groff
Jeffrey Epstein,U.S. Attorney???s Office for the Southern District of Florida
Jeffrey Epstein,solicitation of prostitution and procurement of minors for prostitution
Jeffrey Epstein,Non???Prosecution Agreement
Jeffrey Epstein,E.W.
Jeffrey Epstein,L.M.
Jeffrey Epstein,Jane Doe (HOUSE_OVERSIGHT_010579)
Jeffrey Epstein,Florida court
Jeffrey Epstein,Florida state crimes involving solicitation of minors for prostitution and procurement of minors for prostitution
Jeffrey Epstein,Federal Government
Jeffrey Epstein,approximately thirty-four (34) other young girls
Jeffrey Epstein,Brad Edwards
Jeffrey Epstein,seven victims
Jeffrey Epstein,unknown person A (HOUSE_OVERSIGHT_010585)
Jeffrey Epstein,Jane Doe 102 (HOUSE_OVERSIGHT_010585)
Jeffrey Epstein,Jane Doe 102 (HOUSE_OVERSIGHT_010585)
Jeffrey Epstein,Jane Doe 102 (HOUSE_OVERSIGHT_010585)
Jeffrey Epstein,"politicians, businessmen, royalty, academicians"
Jeffrey Epstein,three 12-year-old French girls
Jeffrey Epstein,more than 15 women
Jeffrey Epstein,unknown person (Jane Doe 3) (HOUSE_OVERSIGHT_010586)
Jeffrey Epstein,discovery requests
Jeffrey Epstein,Jeffrey M. Herman
Jeffrey Epstein,deposition
Jeffrey Epstein,MC2 modeling agency
Jeffrey Epstein,"301 East 66 Street, New York"
Jeffrey Epstein,underage girls
Jeffrey Epstein,Jean Luc Brunel
Jeffrey Epstein,Sarah Kellen
Jeffrey Epstein,Larry Visoski
Jeffrey Epstein,Dave Rogers
Jeffrey Epstein,Larry Harrison
Jeffrey Epstein,Louella Rabuyo
Jeffrey Epstein,Nadia Marcinkova
Jeffrey Epstein,Ghislaine Maxwell
Jeffrey Epstein,Mark L. Epstein
Jeffrey Epstein,Janusz Banasiak
Jeffrey Epstein,sexual abuse of minor girls
Jeffrey Epstein,civil suit victims
Jeffrey Epstein,royalty and other high-profile individuals
Jeffrey Epstein,Bill Clinton
Jeffrey Epstein,Ghislaine Maxwell
Jeffrey Epstein,Sarah Kellen
Jeffrey Epstein,Adriana Mucinska
Jeffrey Epstein,Bill Clinton
Jeffrey Epstein,Doug Band
Jeffrey Epstein,"Bill Clinton, Kevin Spacey, Chris Tucker"
Jeffrey Epstein,"Mar-a-Lago Club, Inc."
Jeffrey Epstein,underage girls
Jeffrey Epstein,Donald Trump
Jeffrey Epstein,Alan M. Dershowitz
Jeffrey Epstein,Tommy Mattola
Jeffrey Epstein,New Mexico Ranch
Jeffrey Epstein,private aircraft
Jeffrey Epstein,plane travel
Jeffrey Epstein,minors
Jeffrey Epstein,sexual assaults
Jeffrey Epstein,Bradley James Edwards
Jeffrey Epstein,deposition
Jeffrey Epstein,people in California
Jeffrey Epstein,question about procuring minors for prostitution
Jeffrey Epstein,question about coercing or enticing minors for sexual acts
Jeffrey Epstein,question about fondling underage females
Jeffrey Epstein,question about oral sex with females under 18
Jeffrey Epstein,question about personal sexual preference for children
Jeffrey Epstein,question about identity of the Palm Beach billionaire
Jeffrey Epstein,question about authorized persons to make payments to his lawyers
Jeffrey Epstein,question about false statements in L.M.???s 2008 complaint
Jeffrey Epstein,Florida court
Jeffrey Epstein,his residence
Jeffrey Epstein,felony conviction
Jeffrey Epstein,women aged 16 and 17
Jeffrey Epstein,consensual conduct in his home
Jeffrey Epstein,Alex Acosta
Jeffrey Epstein,U.S. Attorney's Office for the Southern District of Florida
Jeffrey Epstein,state court judge
Jeffrey Epstein,Bill Clinton
Jeffrey Epstein,expedited guilty plea
Jeffrey Epstein,highly successful businessman and philanthropist
Jeffrey Epstein,Alan M. Dershowitz
Jeffrey Epstein,unknown questions
Jeffrey Epstein,Alan M. Dershowitz
Jeffrey Epstein,United States government
Jeffrey Epstein,federal non-prosecution agreement
Jeffrey Epstein,government authorities
Jeffrey Epstein,Professor Dershowitz
Jeffrey Epstein,private island Caribbean property
Jeffrey Epstein,Bill Clinton and others
Jeffrey Epstein,questions in litigation
Jeffrey Epstein,Virginia L. Giuffre
Jeffrey Epstein,Alan M. Dershowitz
Jeffrey Epstein,"Ghislaine Maxwell, Virginia Roberts, and ET"
Jeffrey Epstein,privilege claims during deposition
Jeffrey Epstein,Palm Beach real estate
Jeffrey Epstein,Ghislaine Maxwell
Jeffrey Epstein,underage girls
Jeffrey Epstein,Alan M. Dershowitz
Jeffrey Epstein,Town of Palm Beach
Jeffrey Epstein,settlement negotiation participants
Jeffrey Epstein,victim
Jeffrey Epstein,Virginia L. Giuffre
Jeffrey Epstein,Virginia Roberts Giuffre
Jeffrey Epstein,Tatiana
Jeffrey Epstein,Unknown Lawyer
Jeffrey Epstein,Virginia Roberts Giuffre
Jeffrey Epstein,Virginia Roberts Giuffre
Jeffrey Epstein,Virginia Roberts Giuffre
Jeffrey Epstein,multiple witnesses cited in investigation
Jeffrey Epstein,Mr. Alessi
Jeffrey Epstein,associates and academicians
Jeffrey Epstein,witness testimony about property activities
Jeffrey Epstein,Alan M. Dershowitz
Jeffrey Epstein,Palm Beach International Airport
Jeffrey Epstein,Teterboro Airport
Jeffrey Epstein,deposition of Paul G. Cassell
Jeffrey Epstein,Virginia Roberts Giuffre
Jeffrey Epstein,"academicians, businesspeople, and royalty"
Jeffrey Epstein,Alan Dershowitz and Tatiana
Jeffrey Epstein,question
Jeffrey Epstein,question
Jeffrey Epstein,Alan M. Dershowitz
Jeffrey Epstein,Jane Doe 102
Jeffrey Epstein,sex trafficking ring
Jeffrey Epstein,"Prince Andrew, Ghislaine Maxwell, Virginia Roberts"
Jeffrey Epstein,London
Jeffrey Epstein,deposition of Paul G. Cassell
Jeffrey Epstein,international sex trafficking organization
Jeffrey Epstein,"Prince Andrew, Duke of York"
Jeffrey Epstein,Virginia Roberts Giuffre
Jeffrey Epstein,Glenn Maxwell
Jeffrey Epstein,sex trafficking ring
Jeffrey Epstein,flight logs
Jeffrey Epstein,residence
Jeffrey Epstein,Virginia Roberts Giuffre
Jeffrey Epstein,"Prince Andrew, Duke of York"
Jeffrey Epstein,ABC News
Jeffrey Epstein,Jane Doe #3
Jeffrey Epstein,Jane Doe #3
Jeffrey Epstein,Virginia Roberts Giuffre
Jeffrey Epstein,Virginia Roberts Giuffre
Jeffrey Epstein,Virginia Roberts Giuffre
Jeffrey Epstein,"Prince Andrew, Duke of York"
Jeffrey Epstein,Virginia Roberts Giuffre
Jeffrey Epstein,United States
Jeffrey Epstein,Florida
Jeffrey Epstein,unknown person A
Jeffrey Epstein,unknown person A
Jeffrey Epstein,unknown person A
Jeffrey Epstein,unknown person A
Jeffrey Epstein,unknown person A
Jeffrey Epstein,unknown person A
Jeffrey Epstein,unknown person A
Jeffrey Epstein,unknown person A
Jeffrey Epstein,Ghislaine Maxwell
Jeffrey Epstein,unknown girls
Jeffrey Epstein,"Prince Andrew, Duke of York"
Jeffrey Epstein,Brunel's girls
Jeffrey Epstein,Jean Luc Brunel
Jeffrey Epstein,Ghislaine Maxwell
Jeffrey Epstein,Federal government
Jeffrey Epstein,two state crimes
Jeffrey Epstein,unknown victim
Jeffrey Epstein,unknown person B
Jeffrey Epstein,Amanda Ens
Jeffrey Epstein,Richard Kahn
Jeffrey Epstein,Virginia L. Giuffre
Jeffrey Epstein,Virginia L. Giuffre
Jeffrey Epstein,Ghislaine Maxwell
Jeffrey Epstein,Ghislaine Maxwell
Jeffrey Epstein,nonprosecution agreement
Jeffrey Epstein,potential co-conspirators including Nadia Marcinkova and Sarah Kellen
Jeffrey Epstein,Defendant
Jeffrey Epstein,Mr. Dershowitz
Jeffrey Epstein,unknown person A
Jeffrey Epstein,unknown person A (HOUSE_OVERSIGHT_011317)
Jeffrey Epstein,court case
Jeffrey Epstein,Virginia L. Giuffre
Jeffrey Epstein,Virginia L. Giuffre
Jeffrey Epstein,unknown person A
Jeffrey Epstein,Virginia L. Giuffre
Jeffrey Epstein,Virginia L. Giuffre
Jeffrey Epstein,helicopter
Jeffrey Epstein,Ghislaine Maxwell
Jeffrey Epstein,Ghislaine Maxwell
Jeffrey Epstein,unknown person A
Jeffrey Epstein,documents
Jeffrey Epstein,jail
Jeffrey Epstein,registered sex offender
Jeffrey Epstein,unknown person A (HOUSE_OVERSIGHT_011448)
Jeffrey Epstein,the Court
Jeffrey Epstein,Plaintiff
Jeffrey Epstein,Lawrence M. Krauss
Jeffrey Epstein,Nicholas Ribis
Jeffrey Epstein,soliciting prostitution from a minor
Jeffrey Epstein,Jean-Luc Didier Henri-Rene Brunel
Jeffrey Epstein,MC2 Models Miami
Jeffrey Epstein,Jean-Luc Didier Henri-Rene Brunel
Jeffrey Epstein,Jean-Luc Didier Henri-Rene Brunel
Jeffrey Epstein,MC2 Models Miami
Jeffrey Epstein,U.S. Attorney's Office for the Southern District of Florida
Jeffrey Epstein,legal petition to prosecutors
Jeffrey Epstein,Jean Luc Brunel
Jeffrey Epstein,Jean-Luc Didier Henri-Rene Brunel
Jeffrey Epstein,underage girls
Jeffrey Epstein,under-aged girls
Jeffrey Epstein,Plaintiff Brunel
Jeffrey Epstein,equitable relief lawsuit
Jeffrey Epstein,obstruction of justice allegation
Jeffrey Epstein,under-aged girls
Jeffrey Epstein,legal proceedings
Jeffrey Epstein,Plaintiff Brunel
Jeffrey Epstein,Plaintiff Brunel
Jeffrey Epstein,Plaintiff Brunel
Jeffrey Epstein,solicitation of prostitution with a minor
Jeffrey Epstein,non-prosecution agreement with Department of Justice
Jeffrey Epstein,multiple underage girls
Jeffrey Epstein,Palm Beach real estate
Jeffrey Epstein,criminal justice system
Jeffrey Epstein,underage victims
Jeffrey Epstein,Palm Beach Police Department
Jeffrey Epstein,Palm Beach Police Department
Jeffrey Epstein,Florida Ballet
Jeffrey Epstein,luring minor children through MC2 modeling agency
Jeffrey Epstein,"Ghislaine Maxwell, Jean Luc Brunel, Rodriguez, and Marcinkova"
Jeffrey Epstein,Jean Luc Brunel
Jeffrey Epstein,"Palm Beach, New York, and Paris"
Jeffrey Epstein,Jean-Luc Didier Henri-Rene Brunel
Jeffrey Epstein,Jean Luc Brunel
Jeffrey Epstein,Ghislaine Maxwell
Jeffrey Epstein,Palm Beach Police Department
Jeffrey Epstein,Natalia Marcinkova
Jeffrey Epstein,sexual contact
Jeffrey Epstein,two 12-year-old French girls
Jeffrey Epstein,MC2 modeling agency
Jeffrey Epstein,MC2 modeling agency
Jeffrey Epstein,private jet usage
Jeffrey Epstein,soliciting sex with a minor
Jeffrey Epstein,U.S. Department of Justice
Jeffrey Epstein,Bill Clinton
Jeffrey Epstein,MC2 modeling agency
Jeffrey Epstein,sentence for soliciting sex with a minor
Jeffrey Epstein,sexual abuse of underage girls
Jeffrey Epstein,soliciting prostitution
Jeffrey Epstein,U.S. Department of Justice
Jeffrey Epstein,multiple female victims
Jeffrey Epstein,prostitution charges
Jeffrey Epstein,Town of Palm Beach
Jeffrey Epstein,Harvard University program
Jeffrey Epstein,underage girls
Jeffrey Epstein,Jean-Luc Didier Henri-Rene Brunel
Jeffrey Epstein,young girls
Jeffrey Epstein,civil lawsuits
Jeffrey Epstein,New York appeals court
Jeffrey Epstein,New York appeals court
Jeffrey Epstein,Florida jail
Jeffrey Epstein,underage prostitution
Jeffrey Epstein,MC2 Model Management
Jeffrey Epstein,MC2 modeling agency
Jeffrey Epstein,unknown person B
Jeffrey Epstein,Brad Edwards
Jeffrey Epstein,Bill Clinton
Jeffrey Epstein,Jean-Luc Didier Henri-Rene Brunel
Jeffrey Epstein,lawsuits by young women
Jeffrey Epstein,13 months of state sentence
Jeffrey Epstein,state probation
Jeffrey Epstein,Bill Clinton contact info
Jeffrey Epstein,Jane Doe
Jeffrey Epstein,Jane Doe
Jeffrey Epstein,level 3 registered sex offender
Jeffrey Epstein,soliciting underaged hookers
Jeffrey Epstein,MC2 Model Management
Jeffrey Epstein,unknown minor
Jeffrey Epstein,Federal prosecutors
Jeffrey Epstein,Jane Doe #3 (HOUSE_OVERSIGHT_012032)
Jeffrey Epstein,sex offender
Jeffrey Epstein,Alan M. Dershowitz
Jeffrey Epstein,"Prince Andrew, Duke of York"
Jeffrey Epstein,powerful individuals
Jeffrey Epstein,Bill Clinton
Jeffrey Epstein,United States federal prosecutors
Jeffrey Epstein,Eleventh Circuit Court of Appeals
Jeffrey Epstein,Kathy Ruemmler
Jeffrey Epstein,error notification
Jeffrey Epstein,Amanda Ens
Jeffrey Epstein,Richard Kahn
Jeffrey Epstein,communication
Jeffrey Epstein,Nicholas Ribis
Jeffrey Epstein,Virginia Roberts Giuffre
Jeffrey Epstein,Virginia Roberts Giuffre
Jeffrey Epstein,Virginia Roberts Giuffre
Jeffrey Epstein,unknown person A (HOUSE_OVERSIGHT_012103) (HOUSE_OVERSIGHT_012103)
Jeffrey Epstein,Jeffrey Epstein
Jeffrey Epstein,Virginia Roberts Giuffre
Jeffrey Epstein,Naomi Campbell
Jeffrey Epstein,Bill Clinton
Jeffrey Epstein,"Prince Andrew, Duke of York"
Jeffrey Epstein,Virginia Roberts Giuffre
Jeffrey Epstein,Virginia Roberts Giuffre
Jeffrey Epstein,Virginia Roberts Giuffre
Jeffrey Epstein,Thailand
Jeffrey Epstein,Virginia Roberts Giuffre
Jeffrey Epstein,Virginia Roberts Giuffre
Jeffrey Epstein,unknown person E (HOUSE_OVERSIGHT_012103) (HOUSE_OVERSIGHT_012103)
Jeffrey Epstein,Jeffrey Epstein
Jeffrey Epstein,Virginia Roberts Giuffre
Jeffrey Epstein,Ron Eppinger
Jeffrey Epstein,photographic collection
Jeffrey Epstein,unknown person A
Jeffrey Epstein,Virginia Roberts Giuffre
Jeffrey Epstein,Nadia Bjournik
Jeffrey Epstein,Sarah Keller
Jeffrey Epstein,Emmy
Jeffrey Epstein,Virginia Roberts Giuffre
Jeffrey Epstein,Virginia Roberts Giuffre
Jeffrey Epstein,Virginia Roberts Giuffre
Jeffrey Epstein,Virginia Roberts Giuffre
Jeffrey Epstein,Virginia Roberts Giuffre
Jeffrey Epstein,Virginia Roberts Giuffre
Jeffrey Epstein,Virginia Roberts Giuffre
Jeffrey Epstein,Virginia Roberts Giuffre
Jeffrey Epstein,Virginia Roberts Giuffre
Jeffrey Epstein,Virginia Roberts Giuffre
Jeffrey Epstein,Virginia Roberts Giuffre
Jeffrey Epstein,Virginia Roberts Giuffre
Jeffrey Epstein,Virginia Roberts Giuffre
Jeffrey Epstein,Virginia Roberts Giuffre
Jeffrey Epstein,Virginia Roberts Giuffre
Jeffrey Epstein,private jet
Jeffrey Epstein,Virginia Roberts Giuffre
Jeffrey Epstein,Virginia Roberts Giuffre
Jeffrey Epstein,Virginia Roberts Giuffre
Jeffrey Epstein,Virginia Roberts Giuffre
Jeffrey Epstein,Virginia Roberts Giuffre
Jeffrey Epstein,Bill Clinton
Jeffrey Epstein,United States Attorney's Office
Jeffrey Epstein,United States Attorney's Office
Jeffrey Epstein,U.S. Attorney's Office for the Southern District of Florida
Jeffrey Epstein,U.S. Department of Justice
Jeffrey Epstein,USAO
Jeffrey Epstein,"Palm Beach, Florida"
Jeffrey Epstein,U.S. Attorney's Office for the Southern District of Florida
Jeffrey Epstein,non-prosecution agreement
Jeffrey Epstein,alleged victim representative
Jeffrey Epstein,massage appointments
Jeffrey Epstein,masseuses
Jeffrey Epstein,Non-Prosecution Agreement
Jeffrey Epstein,Bill Clinton
Jeffrey Epstein,United States Attorney's Office
Jeffrey Epstein,potential violations of federal statutes
Jeffrey Epstein,his home
Jeffrey Epstein,witnesses
Jeffrey Epstein,Town of Palm Beach
Jeffrey Epstein,Town of Palm Beach
Jeffrey Epstein,unknown masseuses
Jeffrey Epstein,personal assistants
Jeffrey Epstein,felony solicitation of prostitution
Jeffrey Epstein,felony solicitation of prostitution
Jeffrey Epstein,unknown person (HOUSE_OVERSIGHT_012147)
Jeffrey Epstein,unknown person (HOUSE_OVERSIGHT_012147)
Jeffrey Epstein,unknown person A
Jeffrey Epstein,visitors
Jeffrey Epstein,legal_analysis_on_Florida_statute_of_limitations
Jeffrey Epstein,another person
Jeffrey Epstein,??2422(b) federal statute
Jeffrey Epstein,Florida_prostitution_law
Jeffrey Epstein,sex trafficking under 18 U.S.C. ?? 1591
Jeffrey Epstein,unknown women and minors
Jeffrey Epstein,Town of Palm Beach
Jeffrey Epstein,Town of Palm Beach
Jeffrey Epstein,Town of Palm Beach
Jeffrey Epstein,mother in hospital
Jeffrey Epstein,United States v. Boehm
Jeffrey Epstein,solicitation of topless massages and sexual contact
Jeffrey Epstein,federal prosecution
Jeffrey Epstein,minors
Jeffrey Epstein,unknown person A (HOUSE_OVERSIGHT_012156)
Jeffrey Epstein,massage services
Jeffrey Epstein,unknown person C (HOUSE_OVERSIGHT_012156)
Jeffrey Epstein,Town of Palm Beach
Jeffrey Epstein,Town of Palm Beach
Jeffrey Epstein,family members and close friends
Jeffrey Epstein,medical checkups and prescribed tests
Jeffrey Epstein,mother
Jeffrey Epstein,Town of Palm Beach
Jeffrey Epstein,Florida
Jeffrey Epstein,Palm Beach Police Department
Jeffrey Epstein,Florida Grand Jury
Jeffrey Epstein,Bill Clinton
Jeffrey Epstein,United States Attorney's Office
Jeffrey Epstein,U.S. Attorney's Office for the Southern District of Florida
Jeffrey Epstein,18 U.S.C. ?? 2255 for undisclosed list of individuals
Jeffrey Epstein,undisclosed individuals seeking compensation under ?? 2255 or civil suit
Jeffrey Epstein,unknown victim
Jeffrey Epstein,Southern District of Florida
Jeffrey Epstein,"sentencing by October 26 and service commencement by January 4, 2008"
Jeffrey Epstein,massage services from underage women
Jeffrey Epstein,18 or older
Jeffrey Epstein,unknown person A (HOUSE_OVERSIGHT_012185)
Jeffrey Epstein,unknown person A (HOUSE_OVERSIGHT_012185)
Jeffrey Epstein,underage victim claims
Jeffrey Epstein,federal trafficking statutes
Jeffrey Epstein,U.S. Attorney's Office for the Southern District of Florida
Jeffrey Epstein,women
Jeffrey Epstein,unknown person A (HOUSE_OVERSIGHT_012191)
Jeffrey Epstein,unknown person C (HOUSE_OVERSIGHT_012191)
Jeffrey Epstein,unknown woman
Jeffrey Epstein,search warrant challenge
Jeffrey Epstein,interstate commerce facility usage
Jeffrey Epstein,unknown person A (HOUSE_OVERSIGHT_012193)
Jeffrey Epstein,"Allen Guthrie McHugh & Thomas, PLLC"
Jeffrey Epstein,Florida
Jeffrey Epstein,Town of Palm Beach
Jeffrey Epstein,Allen Guthrie McHugh & Thomas
Jeffrey Epstein,unknown persons (HOUSE_OVERSIGHT_012195)
Jeffrey Epstein,United States government
Jeffrey Epstein,non-prosecution agreement
Jeffrey Epstein,U.S. Attorney's Office for the Southern District of Florida
Jeffrey Epstein,unknown person A (HOUSE_OVERSIGHT_012197_part1) (HOUSE_OVERSIGHT_012197_part1)
Jeffrey Epstein,unknown person A (HOUSE_OVERSIGHT_012197_part1) (HOUSE_OVERSIGHT_012197_part1)
Jeffrey Epstein,unknown person A (HOUSE_OVERSIGHT_012197_part1) (HOUSE_OVERSIGHT_012197_part1)
Jeffrey Epstein,unknown persons (HOUSE_OVERSIGHT_012197_part1) (HOUSE_OVERSIGHT_012197_part1)
Jeffrey Epstein,unknown person A (HOUSE_OVERSIGHT_012197_part2) (HOUSE_OVERSIGHT_012197_part2)
Jeffrey Epstein,unknown person A (HOUSE_OVERSIGHT_012197_part2) (HOUSE_OVERSIGHT_012197_part2)
Jeffrey Epstein,unknown person A (HOUSE_OVERSIGHT_012197_part2) (HOUSE_OVERSIGHT_012197_part2)
Jeffrey Epstein,unknown person A (HOUSE_OVERSIGHT_012197_part2) (HOUSE_OVERSIGHT_012197_part2)
Jeffrey Epstein,unknown person C (HOUSE_OVERSIGHT_012197_part2) (HOUSE_OVERSIGHT_012197_part2)
Jeffrey Epstein,unknown person C (HOUSE_OVERSIGHT_012197_part2) (HOUSE_OVERSIGHT_012197_part2)
Jeffrey Epstein,unknown person C (HOUSE_OVERSIGHT_012197_part2) (HOUSE_OVERSIGHT_012197_part2)
Jeffrey Epstein,unknown person A (HOUSE_OVERSIGHT_012197_part2) (HOUSE_OVERSIGHT_012197_part2)
Jeffrey Epstein,unknown person A (HOUSE_OVERSIGHT_012197_part2) (HOUSE_OVERSIGHT_012197_part2)
Jeffrey Epstein,unknown person A (HOUSE_OVERSIGHT_012197_part2) (HOUSE_OVERSIGHT_012197_part2)
Jeffrey Epstein,young women
Jeffrey Epstein,unknown person A (HOUSE_OVERSIGHT_012197_part3) (HOUSE_OVERSIGHT_012197_part3)
Jeffrey Epstein,unknown person A (HOUSE_OVERSIGHT_012197_part3) (HOUSE_OVERSIGHT_012197_part3)
Jeffrey Epstein,unknown person A (HOUSE_OVERSIGHT_012197_part3) (HOUSE_OVERSIGHT_012197_part3)
Jeffrey Epstein,unknown person A (HOUSE_OVERSIGHT_012197_part3) (HOUSE_OVERSIGHT_012197_part3)
Jeffrey Epstein,unknown person A (HOUSE_OVERSIGHT_012197_part3) (HOUSE_OVERSIGHT_012197_part3)
Jeffrey Epstein,unknown person B (HOUSE_OVERSIGHT_012197_part3) (HOUSE_OVERSIGHT_012197_part3)
Jeffrey Epstein,unknown person B (HOUSE_OVERSIGHT_012197_part3) (HOUSE_OVERSIGHT_012197_part3)
Jeffrey Epstein,unknown person B (HOUSE_OVERSIGHT_012197_part3) (HOUSE_OVERSIGHT_012197_part3)
Jeffrey Epstein,unknown person B (HOUSE_OVERSIGHT_012197_part3) (HOUSE_OVERSIGHT_012197_part3)
Jeffrey Epstein,unknown person A (HOUSE_OVERSIGHT_012197_part4) (HOUSE_OVERSIGHT_012197_part4)
Jeffrey Epstein,unknown person A (HOUSE_OVERSIGHT_012197_part5) (HOUSE_OVERSIGHT_012197_part5)
Jeffrey Epstein,unknown person A (HOUSE_OVERSIGHT_012197_part5) (HOUSE_OVERSIGHT_012197_part5)
Jeffrey Epstein,unknown person A (HOUSE_OVERSIGHT_012197_part5) (HOUSE_OVERSIGHT_012197_part5)
Jeffrey Epstein,solicitation of minors to engage in prostitution
Jeffrey Epstein,sex offender
Jeffrey Epstein,identified federal victims
Jeffrey Epstein,18-30 months imprisonment
Jeffrey Epstein,Judge Sandra K. McSorley
Jeffrey Epstein,Jane Doe No. 3 (HOUSE_OVERSIGHT_012197_part6) (HOUSE_OVERSIGHT_012197_part6)
Jeffrey Epstein,Jane Doe No. 1 (HOUSE_OVERSIGHT_012197_part6) (HOUSE_OVERSIGHT_012197_part6)
Jeffrey Epstein,Alexander Acosta
Jeffrey Epstein,Jeffrey H. Sloman
Jeffrey Epstein,Alexander Acosta
Jeffrey Epstein,unknown person A (HOUSE_OVERSIGHT_012209)
Jeffrey Epstein,unknown person A (HOUSE_OVERSIGHT_012218)
Jeffrey Epstein,unknown person A (HOUSE_OVERSIGHT_012220)
Jeffrey Epstein,witness
Jeffrey Epstein,witness
Jeffrey Epstein,unknown person A (HOUSE_OVERSIGHT_012231)
Jeffrey Epstein,unknown person B (HOUSE_OVERSIGHT_012231)
Jeffrey Epstein,unknown person A
Jeffrey Epstein,unknown person A
Jeffrey Epstein,bedroom
Jeffrey Epstein,unknown person A (HOUSE_OVERSIGHT_012235)
Jeffrey Epstein,unknown person A (HOUSE_OVERSIGHT_012235)
Jeffrey Epstein,unknown person A (HOUSE_OVERSIGHT_012235)
Jeffrey Epstein,unknown person A (HOUSE_OVERSIGHT_012235)
Jeffrey Epstein,unknown person A (HOUSE_OVERSIGHT_012235)
Jeffrey Epstein,unknown person A
Jeffrey Epstein,unknown person A
Jeffrey Epstein,room
Jeffrey Epstein,woman
Jeffrey Epstein,Florida
Jeffrey Epstein,unknown person A
Jeffrey Epstein,room
Jeffrey Epstein,unknown person A
Jeffrey Epstein,unknown person A
Jeffrey Epstein,unknown person A
Jeffrey Epstein,unknown person A
Jeffrey Epstein,unknown person A
Jeffrey Epstein,unknown witness
Jeffrey Epstein,unknown witness
Jeffrey Epstein,unknown person A
Jeffrey Epstein,unknown person J
Jeffrey Epstein,unknown person A
Jeffrey Epstein,unknown person A
Jeffrey Epstein,unknown person A
Jeffrey Epstein,unknown person A
Jeffrey Epstein,unknown person A
Jeffrey Epstein,unknown person A
Jeffrey Epstein,unknown person A
Jeffrey Epstein,unknown witness
Jeffrey Epstein,his residence in Palm Beach
Jeffrey Epstein,taped car interview
Jeffrey Epstein,unknown person A
Jeffrey Epstein,unknown person A (HOUSE_OVERSIGHT_012368)
Jeffrey Epstein,unknown person A (HOUSE_OVERSIGHT_012368)
Jeffrey Epstein,unknown person A (HOUSE_OVERSIGHT_012368)
Jeffrey Epstein,unknown person A (HOUSE_OVERSIGHT_012368)
Jeffrey Epstein,unknown person B (HOUSE_OVERSIGHT_012368)
Jeffrey Epstein,Circuit Court of the Fifteenth Judicial Circuit
Jeffrey Epstein,witness age
Jeffrey Epstein,unknown person A (HOUSE_OVERSIGHT_012423)
Jeffrey Epstein,unknown person A (HOUSE_OVERSIGHT_012423)
Jeffrey Epstein,witness
Jeffrey Epstein,unknown person A (HOUSE_OVERSIGHT_012431)
Jeffrey Epstein,process servers
Jeffrey Epstein,unknown person A
Jeffrey Epstein,dad's house
Jeffrey Epstein,unknown person A
Jeffrey Epstein,Palm Beach County Circuit Court
Jeffrey Epstein,unknown person A (HOUSE_OVERSIGHT_012528)
Jeffrey Epstein,witness
Jeffrey Epstein,unknown person B
Jeffrey Epstein,Maria C. Powers
Jeffrey Epstein,U.S. Attorney's Office for the Southern District of Florida
Jeffrey Epstein,plea agreement
Jeffrey Epstein,minor victim
Jeffrey Epstein,unknown person A
Jeffrey Epstein,unknown person A
Jeffrey Epstein,Palm Beach County State Attorney???s Office
Jeffrey Epstein,Palm Beach County State Attorney???s Office
Jeffrey Epstein,U.S. District Court for the Southern District of Florida
Jeffrey Epstein,victim
Jeffrey Epstein,minor females
Jeffrey Epstein,United States
Jeffrey Epstein,indictment for solicitation of prostitution
Jeffrey Epstein,information requiring sex offender registration
Jeffrey Epstein,thirty month imprisonment
Jeffrey Epstein,twelve months community control
Jeffrey Epstein,information filed by State Attorney???s Office
Jeffrey Epstein,U.S. Attorney???s Office
Jeffrey Epstein,United States
Jeffrey Epstein,United States District Court for the Southern District of Florida
Jeffrey Epstein,guilty plea
Jeffrey Epstein,United States
Jeffrey Epstein,United States
Jeffrey Epstein,United States
Jeffrey Epstein,agreement terms
Jeffrey Epstein,United States Attorney for the Southern District of Florida
Jeffrey Epstein,grand jury indictment right
Jeffrey Epstein,prosecution by Information filed by United States Attorney
Jeffrey Epstein,Non-Prosecution Agreement
Jeffrey Epstein,Non-Prosecution Agreement
Jeffrey Epstein,Non-Prosecution Agreement
Jeffrey Epstein,Non-Prosecution Agreement
Jeffrey Epstein,list of names
Jeffrey Epstein,Non-Prosecution Agreement
Jeffrey Epstein,House Oversight investigation
Jeffrey Epstein,New York
Jeffrey Epstein,New Mexico
Jeffrey Epstein,St. Thomas
Jeffrey Epstein,"Palm Beach, FL"
Jeffrey Epstein,minor girls
Jeffrey Epstein,Jane Doe
Jeffrey Epstein,Florida
Jeffrey Epstein,New York
Jeffrey Epstein,Little St. James Island
Jeffrey Epstein,Jane Doe
Jeffrey Epstein,Jane Doe
Jeffrey Epstein,restitution fund
Jeffrey Epstein,U.S. Attorney's Office for the Southern District of Florida
Jeffrey Epstein,two state offenses
Jeffrey Epstein,Florida
Jeffrey Epstein,Judge Sandra K. McSorley
Jeffrey Epstein,Judge Sandra K. McSorley
Jeffrey Epstein,CEOS
Jeffrey Epstein,CEOS
Jeffrey Epstein,Kenneth W. Starr
Jeffrey Epstein,Martin G. Weinberg
Jeffrey Epstein,Kenneth W. Starr
Jeffrey Epstein,Roy Black
Jeffrey Epstein,Alan M. Dershowitz
Jeffrey Epstein,Gerald B. Lefcourt
Jeffrey Epstein,Roy Black
Jeffrey Epstein,Alan M. Dershowitz
Jeffrey Epstein,Lily Ann Sanchez
Jeffrey Epstein,Guy Lewis
Jeffrey Epstein,September 24 2007 Agreement
Jeffrey Epstein,Jay P. Lefkowitz
Jeffrey Epstein,unknown person A (HOUSE_OVERSIGHT_012704) (HOUSE_OVERSIGHT_012704)
Jeffrey Epstein,unknown person A (HOUSE_OVERSIGHT_012704) (HOUSE_OVERSIGHT_012704)
Jeffrey Epstein,Florida court
Jeffrey Epstein,U.S. Attorney's Office for the Southern District of Florida
Jeffrey Epstein,sex crime against a minor
Jeffrey Epstein,sex offender
Jeffrey Epstein,Assistant U.S. Attorneys Jeffrey Sloman and Ann Marie Villafafia
Jeffrey Epstein,Federal prosecutors
Jeffrey Epstein,Marshall Heyman
Jeffrey Epstein,Ben Goertzel
Jeffrey Epstein,OpenCog Hong Kong project
Jeffrey Epstein,solicitation of minors for prostitution and procurement of minors for prostitution
Jeffrey Epstein,multiple minor females
Jeffrey Epstein,plaintiffs
Jeffrey Epstein,Bradley J. Edwards on behalf of his clients
Jeffrey Epstein,Bradley J. Edwards and other attorneys
Jeffrey Epstein,Bradley J. Edwards and other attorneys
Jeffrey Epstein,U.S. Attorney's Office for the Southern District of Florida
Jeffrey Epstein,Leslie Groff
Jeffrey Epstein,Nadia Marcinkova
Jeffrey Epstein,Sarah Kellen
Jeffrey Epstein,Jane Doe (HOUSE_OVERSIGHT_013304_part1) (HOUSE_OVERSIGHT_013304_part1)
Jeffrey Epstein,Amazon.com
Jeffrey Epstein,George Rush
Jeffrey Epstein,Bradley James Edwards
Jeffrey Epstein,multiple attorneys
Jeffrey Epstein,L.M.
Jeffrey Epstein,E.W.
Jeffrey Epstein,Jane Doe (HOUSE_OVERSIGHT_013304_part2) (HOUSE_OVERSIGHT_013304_part2)
Jeffrey Epstein,specific allegations against Edwards
Jeffrey Epstein,fabricated claims
Jeffrey Epstein,relationship with Donald Trump
Jeffrey Epstein,relationship with Bill Clinton
Jeffrey Epstein,relationship with Alan Dershowitz
Jeffrey Epstein,sexual assault of children
Jeffrey Epstein,procuring minors for prostitution
Jeffrey Epstein,sexual acts with underage females
Jeffrey Epstein,sexual assault on private aircraft
Jeffrey Epstein,flight logs containing celebrity names
Jeffrey Epstein,socialization with Donald Trump in presence of minors
Jeffrey Epstein,socialization with Bill Clinton in presence of minors
Jeffrey Epstein,payment authorization for legal representation
Jeffrey Epstein,"L.M., E.W., and Jane Doe (HOUSE_OVERSIGHT_013304_part2) (HOUSE_OVERSIGHT_013304_part2)"
Jeffrey Epstein,Florida Bar
Jeffrey Epstein,Donald Trump
Jeffrey Epstein,Bill Clinton
Jeffrey Epstein,Ghislaine Maxwell
Jeffrey Epstein,Sarah Kellen
Jeffrey Epstein,Larry Visoski
Jeffrey Epstein,Nadia Marcinkova
Jeffrey Epstein,Brad Edwards
Jeffrey Epstein,unknown minor
Jeffrey Epstein,Brad Edwards
Jeffrey Epstein,court
Jeffrey Epstein,court
Jeffrey Epstein,Bradley James Edwards
Jeffrey Epstein,court
Jeffrey Epstein,court
Jeffrey Epstein,felony charges involving prostitution and solicitation of a minor
Jeffrey Epstein,United States Attorney???s Office
Jeffrey Epstein,public materials
Jeffrey Epstein,Bradley Edwards
Jeffrey Epstein,Bradley Edwards
Jeffrey Epstein,deposition_questions
Jeffrey Epstein,deposition_questions
Jeffrey Epstein,Motion for Summary Judgment
Jeffrey Epstein,Brad Edwards
Jeffrey Epstein,Jane Doe
Jeffrey Epstein,E.W.
Jeffrey Epstein,unknown person A
Jeffrey Epstein,court
Jeffrey Epstein,court
Jeffrey Epstein,Bradley Edwards
Jeffrey Epstein,Bradley Edwards
Jeffrey Epstein,Bradley Edwards
Jeffrey Epstein,Bradley Edwards
Jeffrey Epstein,summary judgment motion
Jeffrey Epstein,public filings
Jeffrey Epstein,Bradley Edwards
Jeffrey Epstein,Motion for Summary Judgment
Jeffrey Epstein,Fifth Amendment privilege
Jeffrey Epstein,court
Jeffrey Epstein,victim
Jeffrey Epstein,deposition
Jeffrey Epstein,L.M.
Jeffrey Epstein,E.W.
Jeffrey Epstein,Jane Doe
Jeffrey Epstein,question about sexual assault
Jeffrey Epstein,Leslie Groff
Jeffrey Epstein,Ms. Groff
Jeffrey Epstein,U.S. Virgin Islands
Jeffrey Epstein,Nadia Marcinkova
Jeffrey Epstein,Sarah Kellen
Jeffrey Epstein,U.S. Attorney's Office for the Southern District of Florida
Jeffrey Epstein,indictment for solicitation of prostitution and procurement of minors in Palm Beach County
Jeffrey Epstein,"30 months (18 months jail, 12 months community control)"
Jeffrey Epstein,state plea agreement
Jeffrey Epstein,Florida court
Jeffrey Epstein,Federal Government
Jeffrey Epstein,unknown person A
Jeffrey Epstein,Jane Doe 102
Jeffrey Epstein,unknown person B
Jeffrey Epstein,self-incrimination
Jeffrey Epstein,deposition questions
Jeffrey Epstein,Mr. Horowitz
Jeffrey Epstein,unknown person A (HOUSE_OVERSIGHT_013340)
Jeffrey Epstein,Ghislaine Maxwell
Jeffrey Epstein,Brett D. Jaffe
Jeffrey Epstein,Brett D. Jaffe
Jeffrey Epstein,MC2 modeling agency
Jeffrey Epstein,young models
Jeffrey Epstein,unknown minor
Jeffrey Epstein,unknown minor
Jeffrey Epstein,Jean Luc Brunel
Jeffrey Epstein,Jean Luc Brunel
Jeffrey Epstein,Sarah Kellen
Jeffrey Epstein,Larry Visoski
Jeffrey Epstein,Dave Rogers
Jeffrey Epstein,Larry Harrison
Jeffrey Epstein,Louella Rabuyo
Jeffrey Epstein,Nadia Marcinkova
Jeffrey Epstein,Ghislaine Maxwell
Jeffrey Epstein,Mark L. Epstein
Jeffrey Epstein,Fane Banasiak
Jeffrey Epstein,Bradley Edwards
Jeffrey Epstein,minor victims
Jeffrey Epstein,"adult male peers, including royalty"
Jeffrey Epstein,Bill Clinton
Jeffrey Epstein,"Bill Clinton, Kevin Spacey, Chris Tucker"
Jeffrey Epstein,underage girl
Jeffrey Epstein,Donald Trump
Jeffrey Epstein,sexual abuse of minors
Jeffrey Epstein,interstate commerce
Jeffrey Epstein,Jane Doe No. 102 (HOUSE_OVERSIGHT_013351)
Jeffrey Epstein,his aircraft
Jeffrey Epstein,George Rush
Jeffrey Epstein,civil suits filed by young girls in Florida
Jeffrey Epstein,Jane Doe No. 102 (HOUSE_OVERSIGHT_013351)
Jeffrey Epstein,L.M. v. Jeffrey Epstein (case 50-2008-CA-028051)
Jeffrey Epstein,Rush interview
Jeffrey Epstein,George Rush
Jeffrey Epstein,Bradley James Edwards
Jeffrey Epstein,Ghislaine Maxwell
Jeffrey Epstein,Florida jurisdiction
Jeffrey Epstein,Jane Doe 102 (HOUSE_OVERSIGHT_013352)
Jeffrey Epstein,Jane Doe (HOUSE_OVERSIGHT_013353)
Jeffrey Epstein,Jane Doe (HOUSE_OVERSIGHT_013353)
Jeffrey Epstein,United States Court
Jeffrey Epstein,"L.M., E.W., and Jane Doe (HOUSE_OVERSIGHT_013354)"
Jeffrey Epstein,minor girls
Jeffrey Epstein,Bradley James Edwards
Jeffrey Epstein,Bradley James Edwards
Jeffrey Epstein,Bradley James Edwards
Jeffrey Epstein,question about personal relationship with former President Clinton
Jeffrey Epstein,President Clinton
Jeffrey Epstein,question about fabricated claims by Mr. Edwards
Jeffrey Epstein,Mr. Edwards
Jeffrey Epstein,question about actual value of the claim of E.W.
Jeffrey Epstein,Mr. Edwards
Jeffrey Epstein,question about actual value of the claim of L.M. and Jane Doe
Jeffrey Epstein,E.W.
Jeffrey Epstein,question about any pending fabricated claim against him
Jeffrey Epstein,L.M.
Jeffrey Epstein,question about damaging evidence in his garbage
Jeffrey Epstein,Jane Doe
Jeffrey Epstein,question about sexual assaults on a private airplane
Jeffrey Epstein,pending claim
Jeffrey Epstein,"question about flight log containing names of celebrities, dignitaries, or international figures"
Jeffrey Epstein,damaging evidence
Jeffrey Epstein,sexual assaults
Jeffrey Epstein,flight log
Jeffrey Epstein,sexual assaults on underage minors
Jeffrey Epstein,federal nexus proof
Jeffrey Epstein,Jane Doe (HOUSE_OVERSIGHT_013368)
Jeffrey Epstein,unknown person A (HOUSE_OVERSIGHT_013369)
Jeffrey Epstein,Bradley Edwards
Jeffrey Epstein,Bradley Edwards
Jeffrey Epstein,Bradley Edwards
Jeffrey Epstein,Bradley Edwards
Jeffrey Epstein,Bradley Edwards
Jeffrey Epstein,U.S. District Court
Jeffrey Epstein,Jane Doe case (HOUSE_OVERSIGHT_013380)
Jeffrey Epstein,Bradley Edwards
Jeffrey Epstein,Second Amended Complaint
Jeffrey Epstein,Bradley Edwards
Jeffrey Epstein,Bradley Edwards
Jeffrey Epstein,Bradley Edwards
Jeffrey Epstein,sexual assault cases against him
Jeffrey Epstein,household staff members
Jeffrey Epstein,"multiple minor victims including L.M., E.W., and Jane Doe (HOUSE_OVERSIGHT_013384)"
Jeffrey Epstein,minor girls
Jeffrey Epstein,discovery proceedings
Jeffrey Epstein,legal questions in discovery
Jeffrey Epstein,Bradley Edwards
Jeffrey Epstein,civil lawsuit against Edwards
Jeffrey Epstein,Bradley Edwards
Jeffrey Epstein,complaint filed by L.M.
Jeffrey Epstein,physical contact with Jane Doe (HOUSE_OVERSIGHT_013387)
Jeffrey Epstein,physical contact with E.W.
Jeffrey Epstein,value of claim by E.W.
Jeffrey Epstein,Bradley Edwards
Jeffrey Epstein,Edwards v. Epstein civil case
Jeffrey Epstein,witnesses
Jeffrey Epstein,witnesses
Jeffrey Epstein,witnesses (later designated as accomplices and co-conspirators)
